,crim,zn,indus,nox,rm,age,dis,tax,ptratio,black,lstat,chas_0,chas_1,rad_1,rad_2,rad_3,rad_4,rad_5,rad_6,rad_7,rad_8,rad_24
0,-0.0553068023,0.0526973299,-0.0039969253,-0.0390747459,1.6686201535,-0.0201632682,-1.1579811844,-0.0044600007,-0.7079182366,0.010042254,-0.6982306569,-0.3640166124,0.3640166124,-0.1798887153,-0.1181619198,0.2845760845,-0.4303955733,-0.0306853323,-0.2719136289,0.2145342313,0.1791576765,0.3527771772
